<?xml version="1.0" encoding="UTF-8"?>

<!DOCTYPE struts-config PUBLIC
          "-//Apache Software Foundation//DTD Struts Configuration 1.2//EN"
          "http://jakarta.apache.org/struts/dtds/struts-config_1_2.dtd">
<struts-config>


	<global-exceptions>
		<exception type="java.lang.Exception" key="errors.general" handler="org.king.framework.web.action.ActionExceptionHandler" />
	</global-exceptions>

	<global-forwards>
		<forward name="welcome" path="/Welcome.do" />
		<forward name="style" path="/pages/style/style1/style.css" redirect="false" />
		<forward name="staticjavascript" path="/pages/scripts/validator.jsp" redirect="false" />
		<forward name="main" path="/main.do" redirect="true"/>
	</global-forwards>
	<action-mappings>
		<action path="/index" forward="loginDef" />
		<action path="/main" forward="/WEB-INF/pages/main.jsp" />
		<action path="/copyright" forward="/WEB-INF/pages/firstpage/copyright.jsp" />
        <action path="/main" forward="/WEB-INF/pages/main.jsp"/>
        <action path="/footer" forward="/WEB-INF/pages/tiles/buttom.jsp" />
		<action path="/buttom" forward="/WEB-INF/pages/firstpage/buttom.jsp" />
	</action-mappings>
	
	<controller processorClass="org.king.framework.web.struts.ServiceAutowireRequestProcessor" />

	<message-resources parameter="resources.application" />
	<message-resources parameter="resources.security" key="security" />
	<message-resources parameter="resources.classmanage" key="classmanage" />
	<message-resources parameter="resources.dormitorymanage" key="dormitorymanage" />
	<message-resources parameter="resources.checkinmanage" key="checkinmanage" />
	<message-resources parameter="resources.schedulemanage" key="schedulemanage" />
	<message-resources parameter="resources.check" key="check" />
	
	<plug-in className="org.apache.struts.tiles.TilesPlugin">
		<set-property property="definitions-config" value="/WEB-INF/struts/tiles-defs.xml,/WEB-INF/struts/tiles-defs-security.xml" />
		<set-property property="moduleAware" value="true" />
		<set-property property="definitions-parser-validate" value="true" />
	</plug-in>
    <plug-in className="org.apache.struts.validator.ValidatorPlugIn">
        <set-property property="pathnames" 
	                  value="/WEB-INF/struts/validator-rules.xml,
	                         /WEB-INF/struts/validator-rules-custom.xml,
	                         /WEB-INF/struts/validation.xml,
	                         /WEB-INF/struts/validation-check.xml"/>
    </plug-in>
	
	
</struts-config>
