<?xml version="1.0" encoding="UTF-8"?>

<!DOCTYPE struts-config PUBLIC
          "-//Apache Software Foundation//DTD Struts Configuration 1.1//EN"
          "http://jakarta.apache.org/struts/dtds/struts-config_1_1.dtd">

<struts-config>
	<form-beans>
		<form-bean name="loginForm" type="org.apache.struts.validator.DynaValidatorForm">
			<form-property name="name" type="java.lang.String" />
			<form-property name="password" type="java.lang.String" />
		</form-bean>
		<form-bean name="accountForm" type="org.apache.struts.validator.DynaValidatorForm">
			<form-property name="repassword" type="java.lang.String" />
			<form-property name="account" type="org.king.security.domain.Account" />
		</form-bean>
		<form-bean name="listAccountForm" type="org.apache.struts.validator.DynaValidatorForm">
			<form-property name="id" type="java.lang.String" />
		</form-bean>
		<form-bean name="listRoleForm" type="org.apache.struts.validator.DynaValidatorForm">
			<form-property name="id" type="java.lang.String" />
		</form-bean>
		<form-bean name="listResourceForm" type="org.apache.struts.validator.DynaValidatorForm">
			<form-property name="index" type="java.lang.Integer" />
			<form-property name="id" type="java.lang.String" />
			<form-property name="code" type="java.lang.String" />
			<form-property name="name" type="java.lang.String" />
			<form-property name="url" type="java.lang.String" />
		</form-bean>
		<form-bean name="resourceForm" type="org.apache.struts.validator.DynaValidatorForm">
			<form-property name="code" type="java.lang.String" />
			<form-property name="name" type="java.lang.String" />
			<form-property name="url" type="java.lang.String" />
		</form-bean>
		<form-bean name="roleForm" type="org.apache.struts.validator.DynaValidatorForm">
			<form-property name="role" type="org.king.security.domain.Role" />
		</form-bean>
		<form-bean name="accountRoleForm" type="org.apache.struts.action.DynaActionForm">
			<form-property name="accountId" type="java.lang.String" />
			<form-property name="roleId" type="java.lang.String" />
		</form-bean>
		<form-bean name="menuForm" type="org.apache.struts.validator.DynaValidatorForm">
			<form-property name="menu" type="org.king.security.domain.Menu" />
			<form-property name="methodToCall" type="java.lang.String" />
		</form-bean>
		<form-bean name="blankForm" type="org.apache.struts.action.DynaActionForm" />
		<form-bean name="searchForm" type="org.apache.struts.validator.DynaValidatorForm">
			<form-property name="para" type="java.lang.String" />
		</form-bean>
	</form-beans>

	<action-mappings>
		<action path="/login" forward="loginDef" />
		<action path="/login2" forward="/WEB-INF/pages/security/login2.jsp" />
		<action path="/logoutAction" parameter="method" type="org.king.security.web.action.SecurityAction">
			<forward name="success" path="/login.do" redirect="false" />
			<forward name="faile" path="/login.do" redirect="false" />
		</action>
		<action path="/loginAction" parameter="method" type="org.king.security.web.action.SecurityAction" name="loginForm" scope="request" input="/login.do">
			<forward name="success" path="/main.do" redirect="true" />
			<forward name="faile" path="/login.do" redirect="false" />
		</action>

		<action path="/noRight" parameter="method" type="org.king.security.web.action.SecurityAction">
			<forward name="success" path="/msg.do" redirect="false" />
			<forward name="faile" path="/login.do" redirect="false" />
		</action>
		<action path="/msg" forward="systemMsgDef" />
		<action path="/about" forward="aboutDef" />

		<action path="/getMenu" type="org.king.security.web.action.SecurityAction" parameter="method">
			<forward name="success" path="/WEB-INF/pages/menu.jsp" redirect="false" />
			<forward name="faile" path="/msg.do" redirect="false" />
		</action>
		<action path="/header" forward="headerDef" />

		<!-- 用户管理 -->
		<action path="/accountManager" type="org.king.security.web.action.SecurityAction" parameter="method" name="accountForm" validate="false" unknown="false">
			<forward name="input" path="addAccountDef" redirect="false" />
			<forward name="edit" path="editAccountDef" redirect="false" />
			<forward name="success" path="listAccountDef" redirect="false" />
			<forward name="search" path="/accountManager.do?method=searchAccount" redirect="true" />
		</action>
		<action path="/addAccount" type="org.king.security.web.action.SecurityAction" parameter="method" name="accountForm" input="/accountManager.do?method=loadAccount4Add">
			<forward name="success" path="/accountManager.do?method=searchAccount" redirect="true" />
		</action>
		<action path="/editAccount" type="org.king.security.web.action.SecurityAction" parameter="method" name="accountForm" input="/accountManager.do?method=loadAccount4Edit">
			<forward name="success" path="/accountManager.do?method=searchAccount" redirect="true" />
		</action>
		<action path="/removeAccount" type="org.king.security.web.action.SecurityAction" parameter="method" name="accountForm" validate="false" input="/accountManager.do?method=searchAccount">
			<forward name="success" path="/accountManager.do?method=searchAccount" redirect="false" />
		</action>

		<!-- 菜单管理-->
		<action path="/menuManager" type="org.king.security.web.action.SecurityAction" parameter="method" name="menuForm" validate="false" unknown="false">
			<forward name="input" path="addMenuDef" redirect="false" />
			<forward name="edit" path="editMenuDef" redirect="false" />
			<forward name="success" path="listMenuDef" redirect="false" />
			<forward name="search" path="/menuManager.do?method=searchMenu" redirect="true" />
		</action>
		<action path="/addMenu" type="org.king.security.web.action.SecurityAction" parameter="method" name="menuForm" input="/menuManager.do?method=loadMenu4Add">
			<forward name="edit" path="editMenuDef" redirect="false" />
			<forward name="success" path="/menuManager.do?method=searchAccount" redirect="true" />
		</action>
		<action path="/editMenu" type="org.king.security.web.action.SecurityAction" parameter="method" name="menuForm" input="/menuManager.do?method=loadMenu4Edit">
			<forward name="edit" path="editMenuDef" redirect="false" />
			<forward name="success" path="/menuManager.do?method=searchAccount" redirect="true" />
		</action>
		<action path="/removeMenu" type="org.king.security.web.action.SecurityAction" parameter="method" name="menuForm" validate="false" input="/accountManager.do?method=searchAccount">
			<forward name="success" path="/menuManager.do?method=searchAccount" redirect="false" />
		</action>
		<action path="/getXMLMenuTree" type="org.king.security.web.action.SecurityAction" name="menuForm" scope="request" input="menulist" parameter="method" unknown="false" validate="false">
			<forward name="success" path="/WEB-INF/pages/security/XMLMenuTree.jsp" redirect="false" />
		</action>


		<!-- 菜单权限管理-->
		<action path="/menuSecurityManager" type="org.king.security.web.action.SecurityAction" parameter="method" name="menuForm" validate="false" unknown="false">
			<forward name="listRole" path="listRole4GrantMenuDef" redirect="false" />
			<forward name="listRoleMenu" path="listRoleMenu4GrantDef" redirect="false" />
			<forward name="listAllMenu" path="/WEB-INF/pages/security/menuTree.jsp" redirect="false" />
			<forward name="success" path="listMenuDef" redirect="false" />
		</action>
		<action path="/grantRoleMenu" type="org.king.security.web.action.SecurityAction" parameter="method" name="blankForm" scope="request">
			<forward name="success" path="/menuSecurityManager.do?method=loadRole4GrantMenu" redirect="false" />
		</action>

		<!-- 帐户安全管理 -->
		<action path="/accountSecurityManager" type="org.king.security.web.action.SecurityAction" parameter="method" name="accountForm" validate="false" unknown="false">
			<forward name="success" path="listAccount4GrantRoleDef" redirect="false" />
			<forward name="listAccountRole" path="listAccountRole4GrantDef" redirect="false" />
		</action>
		<action path="/grantAccountRole" type="org.king.security.web.action.SecurityAction" parameter="method" name="accountForm" scope="request" validate="false">
			<forward name="success" path="/accountSecurityManager.do?method=searchAccount" redirect="false" />
		</action>

		<!-- 角色管理 -->
		<action path="/roleManager" parameter="method" type="org.king.security.web.action.SecurityAction" name="roleForm" scope="request" validate="false" unknown="false">
			<forward name="success" path="listRoleDef" redirect="false" />
			<forward name="edit" path="editRoleDef" redirect="false" />
			<forward name="faile" path="/msg.do" redirect="false" />
		</action>
		<action path="/addRole" parameter="method" type="org.king.security.web.action.SecurityAction" name="roleForm" input="/roleManager.do?method=loadRole" scope="request">
			<forward name="success" path="/roleManager.do?method=loadRole" redirect="false" />
			<forward name="faile" path="/roleManager.do?method=loadRole" redirect="false" />
		</action>
		<action path="/editRole" parameter="method" type="org.king.security.web.action.SecurityAction" name="roleForm" scope="request">
			<forward name="success" path="/roleManager.do?method=loadRole" redirect="false" />
			<forward name="faile" redirect="false" path="viewGroupDef" />
		</action>
		<action path="/removeRole" parameter="method" type="org.king.security.web.action.SecurityAction" name="listRoleForm" scope="request">
			<forward name="success" path="/roleManager.do?method=loadRole" redirect="false" />
			<forward name="faile" redirect="false" path="/roleManager.do?method=loadRole" />
		</action>

		<!-- 资源管理 -->
		<action path="/resourceManager" type="org.king.security.web.action.SecurityAction" parameter="method">
			<forward name="success" path="listResourceDef" redirect="false" />
			<forward name="faile" path="/msg.do" redirect="false" />
		</action>
		<action path="/addResource" parameter="method" type="org.king.security.web.action.SecurityAction" name="resourceForm" input="/resourceManager.do?method=loadRight" scope="request">
			<forward name="success" path="/resourceManager.do?method=loadResource" redirect="false" />
		</action>
		<action path="/updateResource" parameter="method" type="org.king.security.web.action.SecurityAction" name="listResourceForm" input="/resourceManager.do?method=loadRight" scope="request">
			<forward name="success" path="/resourceManager.do?method=loadResource" redirect="false" />
		</action>
		<action path="/removeResource" parameter="method" type="org.king.security.web.action.SecurityAction" name="listResourceForm" scope="request" input="/resourceManager.do?method=loadRight">
			<forward name="success" path="/resourceManager.do?method=loadResource" redirect="false" />
		</action>

		<action path="/listRight" type="org.king.security.web.action.SecurityAction" parameter="method">
			<forward name="success" path="listRightDef" redirect="false" />
			<forward name="faile" path="/msg.do" redirect="false" />
		</action>
		<action path="/viewAccount" parameter="method" type="org.king.security.web.action.SecurityAction" name="registerForm" validate="false" scope="request" input="/msg.do">
			<forward name="success" path="viewAccountInfoDef" redirect="false" />
			<forward name="faile" path="/msg.do" redirect="false" />
		</action>
		<action path="/updateAccountAction" parameter="method" type="org.king.security.web.action.SecurityAction" name="registerForm" input="/viewAccount.do?method=viewAccount" scope="request" unknown="false">
			<forward name="success" path="/about.do" redirect="false" />
			<forward name="faile" path="/viewAccountInfo.do?method=viewAccountInfo" redirect="false" />
		</action>
		<action path="/removeAccountAction" parameter="method" type="org.king.security.web.action.SecurityAction" name="listAccountForm" input="/listAccount.do?method=listAccount" scope="request">
			<forward name="success" path="/listAccount.do?method=listAccount" redirect="false" />
			<forward name="faile" path="/listAccount.do?method=listAccount" redirect="false" />
		</action>

        <action path="/changePWDManager" parameter="method" type="org.king.security.web.action.SecurityAction" name="blankForm">
            <forward name="input" path="changePWDDef" redirect="false" />
			<forward name="success" path="/msg.do" redirect="false" />
			<forward name="faile" path="/msg.do" redirect="false" />
		</action>




	</action-mappings>
</struts-config>
