<?xml version="1.0" encoding="UTF-8"?>

<!DOCTYPE struts-config PUBLIC
          "-//Apache Software Foundation//DTD Struts Configuration 1.1//EN"
          "http://jakarta.apache.org/struts/dtds/struts-config_1_1.dtd">

<struts-config>
  <form-beans>
  <!-- 非坐班人员动态form-->
    <form-bean name="noSeatClerkForm" type="org.apache.struts.validator.DynaValidatorForm">
      <form-property name="startDate" type="java.lang.String" />
      <form-property name="deptId" type="java.lang.String" />
      <form-property name="endDate" type="java.lang.String" />
    </form-bean>
  </form-beans>
  <action-mappings>
  
  	<!-- 非坐班人员考勤信息查询-->
  	<!-- hanjiwei保留-->
    <action name="noSeatClerkForm" path="/searchNoSeatWorkInfo" scope="request" type="org.king.check.web.action.WorkInfoAction" parameter="method" validate="false">
      <forward name="success" path="/WEB-INF/pages/check/NoSeatWorkInfo.jsp" />
       <forward name="newformat" path="/WEB-INF/pages/check/NewNoSeatWorkInfo.jsp" />
       <forward name="gonewformat" path="/WEB-INF/pages/check/NewNoSeatWorkInfo.jsp" />
       <forward name="leaveDetail" path="/WEB-INF/pages/check/leaveReportDetailInfo.jsp"></forward>
       <forward name="manualDetail" path="/WEB-INF/pages/check/manualClerkDetailInfo.jsp"></forward>
    </action>
    <action path="/noSeatWorkInfo" scope="request" type="org.king.check.web.action.WorkInfoAction" parameter="method" validate="false"
      >
      <forward name="success" path="/searchNoSeatWorkInfo.do?method=goNewFormat" />
    </action>
    
    <!-- 请假操作-->
    <action path="/leaveInfo" scope="request" type="org.king.check.web.action.LeaveInfoAction" parameter="method" validate="false"
      >
      <forward name="leaveInfoQuery" path="/WEB-INF/pages/check/LeaveInfo.jsp" />
      <forward name="operOk" path="/WEB-INF/pages/check/LeaveInfo.jsp" />
      <forward name="preupdate" path="/WEB-INF/pages/check/Preupdate.jsp" />
      <forward name="goStatic" path="/WEB-INF/pages/check/LeaveInfoStatic.jsp" />
      <forward name="viewDetail" path="/WEB-INF/pages/check/LeaveInfoDetail.jsp" />
    </action>
    
    <!-- 请假申请-->
    <!-- hanjiwei保留-->
    <action path="/leaveReportQuery" scope="request" type="org.king.check.web.action.LeaveRegisterAction" parameter="method" validate="false"
      >
      <forward name="goLeaveReportQuery" path="/WEB-INF/pages/check/ReportLeaveQuery.jsp" />
      <forward name="leaveReport" path="/WEB-INF/pages/check/ReportLeave.jsp"></forward>
      <forward name="replaceReportLeave" path="/WEB-INF/pages/check/replaceReportLeave.jsp"></forward>
      <forward name="leaveReportDetail" path="/WEB-INF/pages/check/leaveReportDetailInfo.jsp"></forward>
    </action>
    
    <!-- 请假审批-->
    <!-- hanjiwei保留-->
    <action path="/leaveReportCheck" scope="request" type="org.king.check.web.action.LeaveRegisterAction" parameter="method" validate="false"
      >
      <forward name="goLeaveReportCheck" path="/WEB-INF/pages/check/checkLeaveQuery.jsp" />
      <forward name="goLeaveReportCancelCheck" path="/WEB-INF/pages/check/checkLeaveCancelQuery.jsp"/>
      <forward name="leaveReportCheck" path="/WEB-INF/pages/check/leaveReportCheck.jsp"></forward>
      <forward name="leaveReportCheckCancel" path="/WEB-INF/pages/check/leaveReportCheckCancel.jsp"></forward>
    </action>
    
    <!-- 请假注册操作-->
    <!-- hanjiwei保留-->
    <action path="/leaveRegister" scope="request" type="org.king.check.web.action.LeaveRegisterAction" parameter="method" validate="false"
      >
      <forward name="goRegister" path="/WEB-INF/pages/check/LeaveRegister.jsp" />
      <forward name="searchClerk" path="/WEB-INF/pages/check/LeaveRegister.jsp" />
      <forward name="success" path="/WEB-INF/pages/check/RegisterRes.jsp" />
      <forward name="replaceReportLeave" path="/WEB-INF/pages/check/replaceReportLeave.jsp" />
    </action>
    
    <!-- 班次信息设置-->
   	<!-- hanjwei保留-->
    <action path="/checkType" scope="request" type="org.king.check.web.action.CheckTypeAction" parameter="method" validate="false"
      >
      <forward name="goCheckType" path="/WEB-INF/pages/check/checkType_index.jsp" />
      <forward name="add_step1" path="/WEB-INF/pages/check/checkType_add.jsp" />
      <forward name="update_step1" path="/WEB-INF/pages/check/checkType_update.jsp" />
      <forward name="saveOk" path="/WEB-INF/pages/check/SaveOk.jsp" />
      <forward name="searchRes" path="/WEB-INF/pages/check/checkType_index.jsp" />
      </action>
    
    <!-- 工作参数操作-->
   	<!-- hanjwei保留-->
    <action path="/workConf" scope="request" type="org.king.check.web.action.WorkConfAction" parameter="method" validate="false"
      >
      <forward name="goWorkConf" path="/WEB-INF/pages/check/WorkConf_index.jsp" />
      <forward name="add_step1" path="/WEB-INF/pages/check/AddWorkConf_step1.jsp" />
      <forward name="update_step1" path="/WEB-INF/pages/check/WorkConf_update.jsp" />
      <forward name="saveOk" path="/WEB-INF/pages/check/SaveOk.jsp" />
      <forward name="searchRes" path="/WEB-INF/pages/check/WorkConf_index.jsp" />
      </action>
      
    <!-- 工作时间操作-->
    <!-- hanjwei保留-->
     <action path="/workTime" scope="request" type="org.king.check.web.action.WorkTimeConfAction" parameter="method" validate="false"
      >
      <forward name="goWorkTime" path="/WEB-INF/pages/check/WorkTime_index.jsp" />
      <forward name="addWorkTime" path="/WEB-INF/pages/check/WorkTime_Add.jsp" />
      <forward name="addOk" path="/WEB-INF/pages/check/WorkTime_SaveOk.jsp" />
      <forward name="searchRes" path="/WEB-INF/pages/check/WorkTime_index.jsp" />
      <forward name="update_step1" path="/WEB-INF/pages/check/WorkTime_Update.jsp" />
      </action>
      
    <!-- 个人考勤信息明细查询-->
    <!-- hanjiwei保留-->
    <action path="/personalCheckDetail" scope="request" type="org.king.check.web.action.WorkInfoAction" parameter="method" validate="false">
    <forward name="queryPersonalCheckDetail" path="/WEB-INF/pages/check/WorkInfo_oneCheckDetail.jsp" />
    </action>
    
    <!-- 手工考勤信息操作-->
    <!-- hanjiwei保留-->
    <action path="/workInfo" scope="request" type="org.king.check.web.action.WorkInfoAction" parameter="method" validate="false">
    <forward name="goMenualRegister" path="/WEB-INF/pages/check/WorkInfo_ManualRegister.jsp" />
    <forward name="goMenualModify" path="/WEB-INF/pages/check/manualregister_modify.jsp" />
    <forward name="menualModify" path="/WEB-INF/pages/check/manualModify.jsp" />
    <forward name="goCreateWorkInfo" path="/WEB-INF/pages/check/WorkInfo_CreateWorkInfo.jsp" />
    <forward name="goCustWorkTimeInfo" path="/WEB-INF/pages/check/custWorkTimeInfo.jsp" />
    <forward name="replaceReportLeave" path="/WEB-INF/pages/check/replaceReportLeave.jsp"></forward>
    </action>
    
    <!-- 部门考勤信息设置-->
    <!-- hanjiwei 保留-->
    <action path="/department" scope="request" type="org.king.check.web.action.DepartmentAction" parameter="method" validate="false">
    <forward name="goDeptConf" path="/WEB-INF/pages/check/Department_ConfIndex.jsp" />
    <forward name="goDeptConfDetail" path="/WEB-INF/pages/check/Department_ConfDetail.jsp" /> 
    <forward name="goDeptConfModify" path="/WEB-INF/pages/check/Department_ConfModify.jsp" /> 
    <forward name="addConfStep1" path="/WEB-INF/pages/check/Department_AddConfStep1.jsp" />
    <forward name="addConfSltDpt" path="/WEB-INF/pages/check/Department_AddConfSltDpt.jsp" />
    <forward name="finish" path="/WEB-INF/pages/check/Department_OperatorFinish.jsp" />
    </action>
    <!-- 个人出席情况报表-->
    <!-- hanjiwei保留-->
    <action path="/checkStatic" scope="request" type="org.king.check.web.action.CheckTotalAction" parameter="method" validate="false">
    <forward name="goPersonCheckStatic" path="/WEB-INF/pages/check/personCheckStatic.jsp" />
    <forward name="getPersonCheckStatic" path="/WEB-INF/pages/check/personCheckStatic.jsp" />
    <forward name="goMakeCheckReport" path="/WEB-INF/pages/check/makeCheckReport.jsp" />
    <forward name="goMakeCheckReportFinance" path="/WEB-INF/pages/check/makeCheckReportForFinance.jsp" />
    </action>
</action-mappings>
</struts-config>
