<?xml version="1.0" encoding="UTF-8"?>

<!DOCTYPE tiles-definitions PUBLIC
          "-//Apache Software Foundation//DTD Tiles Configuration 1.1//EN"
          "http://jakarta.apache.org/struts/dtds/tiles-config_1_1.dtd">

<tiles-definitions>
	<definition name="loginDef" extends="firstpageDef">
		<put name="body" value="/WEB-INF/pages/security/login.jsp" />
	</definition>
	
	
	<definition name="systemMsgDef" extends="adminDef">
		<put name="body" value="/WEB-INF/pages/msg.jsp" />
	</definition>


	<!-- 用户管理-->
	<definition name="listAccountDef" extends="adminDef">
		<put name="body" value="/WEB-INF/pages/security/accountList.jsp" />
	</definition>
	<definition name="addAccountDef" extends="adminDef">
		<put name="body" value="/WEB-INF/pages/security/accountForm.jsp" />
	</definition>
	<definition name="editAccountDef" extends="adminDef">
		<put name="body" value="/WEB-INF/pages/security/accountForm.jsp" />
	</definition>

	<!-- 菜单管理 -->
	<definition name="listMenuDef" extends="adminDef">
		<put name="body" value="/WEB-INF/pages/security/menuList.jsp" />
	</definition>
	<definition name="addMenuDef" extends="adminDef">
		<put name="body" value="/WEB-INF/pages/security/menuProfile.jsp" />
	</definition>
	<definition name="editMenuDef" extends="adminDef">
		<put name="body" value="/WEB-INF/pages/security/menuProfile.jsp" />
	</definition>


	<definition name="listGroupDef" extends="adminDef">
		<put name="body" value="/WEB-INF/pages/security/group.jsp" />
	</definition>
	<definition name="listRightDef" extends="adminDef">
		<put name="body" value="/WEB-INF/pages/security/right.jsp" />
	</definition>
	<definition name="viewAccountInfoDef" extends="adminDef">
		<put name="body" value="/WEB-INF/pages/security/account_info.jsp" />
	</definition>
	<definition name="viewGroupDef" extends="adminDef">
		<put name="body" value="/WEB-INF/pages/security/view_group.jsp" />
	</definition>


	<!-- 菜单权限管理 -->


	<definition name="listRole4GrantMenuDef" extends="adminDef">
		<put name="body" value="/WEB-INF/pages/security/viewRoleForGrant.jsp" />
	</definition>
	<definition name="listRoleMenu4GrantDef" extends="adminDef">
		<put name="body" value="/WEB-INF/pages/security/viewRoleMenuForGrant.jsp" />
	</definition>

	<!-- 帐户管理 -->
	<definition name="listAccount4GrantRoleDef" extends="adminDef">
		<put name="body" value="/WEB-INF/pages/security/accountListForGrant.jsp" />
	</definition>
	
    <definition name="listAccountRole4GrantDef" extends="adminDef">
		<put name="body" value="/WEB-INF/pages/security/listAccountRoleForGrant.jsp" />
	</definition>

   <!-- 角色管理 -->
      <definition name="listRoleDef" extends="adminDef">
		<put name="body" value="/WEB-INF/pages/security/role.jsp" />
	</definition>
   
   	<definition name="editRoleDef" extends="adminDef">
		<put name="body" value="/WEB-INF/pages/security/roleForm.jsp" />
	</definition>
   
   
   <!-- 资源管理 -->
      <definition name="listResourceDef" extends="adminDef">
		<put name="body" value="/WEB-INF/pages/security/resource.jsp" />
	</definition>
   
      <definition name="changePWDDef" extends="adminDef">
		<put name="body" value="/WEB-INF/pages/security/changePWD.jsp" />
	</definition>
   
   <!-- 部门管理 -->
     <definition name="listDepartmentDef" extends="adminDef">
		<put name="body" value="/WEB-INF/pages/check/departmentList.jsp" />
	</definition>
   
   	<definition name="inputDepartmentDef" extends="adminDef">
		<put name="body" value="/WEB-INF/pages/check/departmentForm.jsp" />
	</definition>
	<definition name="editDepartmentDef" extends="adminDef">
		<put name="body" value="/WEB-INF/pages/check/departmentForm.jsp" />
	</definition>
	
</tiles-definitions>
