<?xml version="1.0"?>
<!DOCTYPE hibernate-mapping PUBLIC "-//Hibernate/Hibernate Mapping DTD 3.0//EN"
"http://hibernate.sourceforge.net/hibernate-mapping-3.0.dtd">
<!-- 
    Mapping file autogenerated by MyEclipse - Hibernate Tools
-->
<hibernate-mapping>
    <class name="org.king.check.domain.TChecktype" table="T_CHECKTYPE" schema="YKT_CK">
        <id name="typeId" type="string">
            <column name="TYPE_ID" length="32" />
            <generator class="uuid.hex" />
        </id>
        <property name="typeName" type="string">
            <column name="TYPE_NAME" length="100" />
        </property>
    </class>
</hibernate-mapping>
