<?xml version="1.0"?>
<!DOCTYPE hibernate-mapping PUBLIC "-//Hibernate/Hibernate Mapping DTD 3.0//EN"
"http://hibernate.sourceforge.net/hibernate-mapping-3.0.dtd">
<!-- 
    Mapping file autogenerated by MyEclipse - Hibernate Tools
-->
<hibernate-mapping>
    <class name="org.king.check.domain.Tcheckattreport" table="T_CHECKATT_REPORT" schema="YKT_CK">
        <composite-id name="id" class="org.king.check.domain.TcheckattreportId">
            <key-property name="custId" type="integer">
                <column name="CUST_ID" />
            </key-property>
            <key-property name="checkDate" type="string">
                <column name="CHECK_DATE" length="8" />
            </key-property>
        </composite-id>
        <property name="deptId" type="string">
            <column name="DEPT_ID" length="32" />
        </property>
        <property name="ifoffice" type="string">
            <column name="IFOFFICE" length="1" />
        </property>
        <property name="worktimeValue" type="integer">
            <column name="WORKTIME_VALUE" />
        </property>
        <property name="factValue" type="integer">
            <column name="FACT_VALUE" />
        </property>
        <property name="handTimes" type="integer">
            <column name="HAND_TIMES" />
        </property>
        <property name="overtimeValue" type="integer">
            <column name="OVERTIME_VALUE" />
        </property>
        <property name="tworestValue" type="integer">
            <column name="TWOREST_VALUE" />
        </property>
        <property name="holidayValue" type="integer">
            <column name="HOLIDAY_VALUE" />
        </property>
        <property name="delayValue" type="integer">
            <column name="DELAY_VALUE" />
        </property>
        <property name="leaveEarly" type="integer">
            <column name="LEAVE_EARLY" />
        </property>
        <property name="leaveValue" type="integer">
            <column name="LEAVE_VALUE" />
        </property>
        <property name="leaveType" type="string">
            <column name="LEAVE_TYPE" length="1" />
        </property>
        <property name="leaveTime" type="integer">
            <column name="LEAVE_TIME" />
        </property>
        <property name="ext1" type="integer">
            <column name="EXT1" />
        </property>
        <property name="ext2" type="integer">
            <column name="EXT2" />
        </property>
        <property name="ext3" type="integer">
            <column name="EXT3" />
        </property>
        <property name="ext4" type="integer">
            <column name="EXT4" />
        </property>
        <property name="ext5" type="integer">
            <column name="EXT5" />
        </property>
    </class>
</hibernate-mapping>
