<?xml version="1.0"?>
<!DOCTYPE hibernate-mapping PUBLIC "-//Hibernate/Hibernate Mapping DTD 3.0//EN"
"http://hibernate.sourceforge.net/hibernate-mapping-3.0.dtd">
<!-- 
    Mapping file autogenerated by MyEclipse - Hibernate Tools
-->
<hibernate-mapping>
    <class name="org.king.check.domain.Tcheckattinfo" table="T_CHECKATT_INFO" schema="YKT_CK">
        <composite-id name="id" class="org.king.check.domain.TcheckattinfoId">
            <key-property name="custId" type="integer">
                <column name="CUST_ID" />
            </key-property>
            <key-property name="checkDate" type="string">
                <column name="CHECK_DATE" length="8" />
            </key-property>
        </composite-id>
        <property name="deptId" type="string">
            <column name="DEPT_ID" length="32" />
        </property>
        <property name="ifoffice" type="string">
            <column name="IFOFFICE" length="1" />
        </property>
        <property name="factOntime" type="string">
            <column name="FACT_ONTIME" length="6" />
        </property>
        <property name="factOfftime" type="string">
            <column name="FACT_OFFTIME" length="6" />
        </property>
        <property name="factOntime1" type="string">
            <column name="FACT_ONTIME1" length="6" />
        </property>
        <property name="factOfftime1" type="string">
            <column name="FACT_OFFTIME1" length="6" />
        </property>
        <property name="factOntime2" type="string">
            <column name="FACT_ONTIME2" length="6" />
        </property>
        <property name="factOfftime2" type="string">
            <column name="FACT_OFFTIME2" length="6" />
        </property>
        <property name="factOntime3" type="string">
            <column name="FACT_ONTIME3" length="6" />
        </property>
        <property name="factOfftime3" type="string">
            <column name="FACT_OFFTIME3" length="6" />
        </property>
        <property name="factOntime4" type="string">
            <column name="FACT_ONTIME4" length="6" />
        </property>
        <property name="factOfftime4" type="string">
            <column name="FACT_OFFTIME4" length="6" />
        </property>
    </class>
</hibernate-mapping>
