<?xml version="1.0"?>
<!DOCTYPE hibernate-mapping PUBLIC "-//Hibernate/Hibernate Mapping DTD 3.0//EN"
"http://hibernate.sourceforge.net/hibernate-mapping-3.0.dtd">
<!-- 
    Mapping file autogenerated by MyEclipse - Hibernate Tools
-->
<hibernate-mapping>
    <class name="org.king.check.domain.Tclerkinfo" table="T_CLERKINFO" schema="YKT_CK">
        <id name="custId" type="integer">
            <column name="CUST_ID" precision="22" scale="0" />
            <generator class="assigned" />
        </id>
        <property name="deptId" type="string">
            <column name="DEPT_ID" length="32" />
        </property>
        <property name="ifoffice" type="string">
            <column name="IFOFFICE" length="1" />
        </property>
        <property name="aheadOvertime" type="string">
            <column name="AHEAD_OVERTIME" length="1" />
        </property>
        <property name="delayOvertime" type="string">
            <column name="DELAY_OVERTIME" length="1" />
        </property>
        <property name="overtimeValue" type="integer">
            <column name="OVERTIME_VALUE" precision="22" scale="0" />
        </property>
        <property name="tworestOvertime" type="string">
            <column name="TWOREST_OVERTIME" length="1" />
        </property>
        <property name="holidayOvertime" type="string">
            <column name="HOLIDAY_OVERTIME" length="1" />
        </property>
        <property name="checktypeId" type="string">
            <column name="CHECKTYPE_ID" length="32" />
        </property>
        <property name="stuempno" type="string">
            <column name="STUEMPNO" length="32" />
        </property>
    </class>
</hibernate-mapping>
