<?xml version="1.0"?>
<!DOCTYPE hibernate-mapping PUBLIC "-//Hibernate/Hibernate Mapping DTD 3.0//EN"
"http://hibernate.sourceforge.net/hibernate-mapping-3.0.dtd">
<!-- 
    Mapping file autogenerated by MyEclipse - Hibernate Tools
-->
<hibernate-mapping>
    <class name="org.king.check.domain.Tleaveinfo" table="T_LEAVEINFO" schema="YKT_CK">
        <id name="leaveId" type="string">
            <column name="LEAVE_ID" length="32" />
            <generator class="assigned" />
        </id>
        <property name="custId" type="integer">
            <column name="CUST_ID" not-null="true" />
        </property>
        <property name="leaveTypeid" type="string">
            <column name="LEAVE_TYPEID" length="1" />
        </property>
        <property name="leaveInfo" type="string">
            <column name="LEAVE_INFO" length="300" />
        </property>
        <property name="validity" type="string">
            <column name="VALIDITY" length="1" />
        </property>
        <property name="startdate" type="string">
            <column name="STARTDATE" length="8" />
        </property>
        <property name="enddate" type="string">
            <column name="ENDDATE" length="8" />
        </property>
        <property name="starttime" type="string">
            <column name="STARTTIME" length="6" />
        </property>
        <property name="endtime" type="string">
            <column name="ENDTIME" length="6" />
        </property>
        <property name="operId" type="string">
            <column name="OPER_ID" length="32" />
        </property>
        <property name="operDate" type="string">
            <column name="OPER_DATE" length="8" />
        </property>
        <property name="operTime" type="string">
            <column name="OPER_TIME" length="6" />
        </property>
        <property name="remark" type="string">
            <column name="REMARK" length="300" />
        </property>
    </class>
</hibernate-mapping>
