<?xml version="1.0"?>
<!DOCTYPE hibernate-mapping PUBLIC "-//Hibernate/Hibernate Mapping DTD 3.0//EN"
"http://hibernate.sourceforge.net/hibernate-mapping-3.0.dtd">
<!-- 
    Mapping file autogenerated by MyEclipse - Hibernate Tools
-->
<hibernate-mapping>
    <class name="org.king.check.domain.TMakereportrecord" table="T_MAKEREPORTRECORD" schema="YKT_CK">
        <composite-id name="id" class="org.king.check.domain.TMakereportrecordId">
            <key-property name="deptId" type="string">
                <column name="DEPT_ID" length="32" />
            </key-property>
            <key-property name="reportMonth" type="string">
                <column name="REPORT_MONTH" length="6" />
            </key-property>
        </composite-id>
        <property name="reportDate" type="string">
            <column name="REPORT_DATE" length="8" />
        </property>
        <property name="status" type="string">
            <column name="STATUS" length="1" />
        </property>
    </class>
</hibernate-mapping>
