<?xml version="1.0"?>
<!DOCTYPE hibernate-mapping PUBLIC "-//Hibernate/Hibernate Mapping DTD 3.0//EN"
"http://hibernate.sourceforge.net/hibernate-mapping-3.0.dtd">
<!-- 
    Mapping file autogenerated by MyEclipse - Hibernate Tools
-->
<hibernate-mapping>
    <class name="org.king.check.domain.Treportleave" table="T_REPORTLEAVE" schema="YKT_CK">
        <id name="id" type="string">
            <column name="ID" length="32" />
            <generator class="uuid.hex" />
        </id>
        <property name="reprotDate" type="string">
            <column name="REPROT_DATE" length="8" />
        </property>
        <property name="reportTime" type="string">
            <column name="REPORT_TIME" length="6" />
        </property>
        <property name="custId" type="integer">
            <column name="CUST_ID" />
        </property>
        <property name="deptId" type="string">
            <column name="DEPT_ID" length="32" />
        </property>
        <property name="leaveId" type="string">
            <column name="LEAVE_ID" length="1" />
        </property>
        <property name="leaveInfo" type="string">
            <column name="LEAVE_INFO" length="300" />
        </property>
        <property name="leaveBegindate" type="string">
            <column name="LEAVE_BEGINDATE" length="8" />
        </property>
        <property name="leaveBegintime" type="string">
            <column name="LEAVE_BEGINTIME" length="6" />
        </property>
        <property name="leaveEnddate" type="string">
            <column name="LEAVE_ENDDATE" length="8" />
        </property>
        <property name="leaveEndtime" type="string">
            <column name="LEAVE_ENDTIME" length="6" />
        </property>
        <property name="ifcheck" type="string">
            <column name="IFCHECK" length="1" />
        </property>
        <property name="checkDate" type="string">
            <column name="CHECK_DATE" length="8" />
        </property>
        <property name="checkTime" type="string">
            <column name="CHECK_TIME" length="6" />
        </property>
        <property name="checkId" type="string">
            <column name="CHECK_ID" length="32" />
        </property>
        <property name="ifagree" type="string">
            <column name="IFAGREE" length="1" />
        </property>
        <property name="comments" type="string">
            <column name="COMMENTS" length="300" />
        </property>
        <property name="repcustid" type="integer">
            <column name="REPCUSTID" />
        </property>
    </class>
</hibernate-mapping>
