<?xml version="1.0"?>
<!DOCTYPE hibernate-mapping PUBLIC "-//Hibernate/Hibernate Mapping DTD 3.0//EN"
"http://hibernate.sourceforge.net/hibernate-mapping-3.0.dtd">
<!-- 
    Mapping file autogenerated by MyEclipse - Hibernate Tools
-->
<hibernate-mapping>
    <class name="org.king.security.domain.Account" table="USR_ACCOUNT" schema="YKT_CK">
        <id name="id" type="string">
            <column name="id" length="32" />
             <generator class="foreign"> 
                <param name="property">person</param> 
             </generator> 
        </id>
        <property name="name" type="string">
            <column name="account_name" length="64" not-null="true" unique="true" />
        </property>
        <property name="password" type="string">
            <column name="password" length="64" />
        </property>
        <property name="enabled" type="string">
            <column name="enabled" length="1" />
        </property>
        
        <set name="roles" table="YKT_CK.ICO_ACCOUNT_ROLE" lazy="false" cascade="save-update">
              <key column="account_id"></key>
              <many-to-many class="org.king.security.domain.Role" column="role_id" outer-join="auto"/>
        </set>
        <one-to-one name="person" class="org.king.security.domain.Person" lazy="false" cascade="all" constrained="true" /> 
    </class>
</hibernate-mapping>
