<?xml version="1.0"?>
<!DOCTYPE hibernate-mapping PUBLIC "-//Hibernate/Hibernate Mapping DTD 3.0//EN"
"http://hibernate.sourceforge.net/hibernate-mapping-3.0.dtd">
<!-- 
    Mapping file autogenerated by MyEclipse - Hibernate Tools
-->
<hibernate-mapping>
    <class name="org.king.security.domain.Resource" table="ICO_RESOURCE" schema="YKT_CK">
        <id name="id" type="string">
            <column name="id" length="32" />
            <generator class="uuid.hex" />
        </id>
        <property name="code" type="string">
            <column name="resource_code" not-null="true" />
        </property>
        <property name="name" type="string">
            <column name="resource_name" not-null="true" />
        </property>
        <property name="parentName" type="string">
            <column name="parent_name" />
        </property>
        <property name="url" type="string">
            <column name="url" />
        </property>
        <property name="aclClass" type="string">
            <column name="acl_class" />
        </property>
        
        <set name="roles" table="YKT_CK.ICO_PERMISSION" cascade="save-update" lazy="false">
				<key>
					<column name="resource_id"/>
				</key>
				<many-to-many column="role_id" class="org.king.security.domain.Role">
				</many-to-many>
		</set>		
    </class>
</hibernate-mapping>
