<?xml version="1.0"?>
<!DOCTYPE hibernate-mapping PUBLIC "-//Hibernate/Hibernate Mapping DTD 3.0//EN"
"http://hibernate.sourceforge.net/hibernate-mapping-3.0.dtd">
<!-- 
	Mapping file autogenerated by MyEclipse - Hibernate Tools
-->
<hibernate-mapping>
	<class name="org.king.check.domain.Department" table="DEPARTMENT" schema="YKT_CK">
		<id name="id" type="java.lang.String">
			<column name="dept_id" length="32" />
			<generator class="assigned" />
		</id>
		<property name="name" type="java.lang.String">
			<column name="dept_name"/>
		</property>

		<many-to-one name="parent" column="dept_parentid" lazy="false" class="org.king.check.domain.Department"  cascade="save-update" />

		<set name="children" lazy="false" inverse="true" cascade="all" order-by="dept_id">
			<key column="dept_parentid" />
			<one-to-many class="org.king.check.domain.Department" />
		</set>
	</class>
</hibernate-mapping>
