<?xml version="1.0"?>
<!DOCTYPE hibernate-mapping PUBLIC "-//Hibernate/Hibernate Mapping DTD 3.0//EN"
"http://hibernate.sourceforge.net/hibernate-mapping-3.0.dtd">
<!-- 
    Mapping file autogenerated by MyEclipse - Hibernate Tools
-->
<hibernate-mapping>
    <class name="org.king.check.domain.Tattserial" table="T_ATTSERIAL" schema="YKT_CK">
        <composite-id name="id" class="org.king.check.domain.TattserialId">
            <key-property name="serialId" type="integer">
                <column name="SERIAL_ID" />
            </key-property>
            <key-property name="deviceId" type="integer">
                <column name="DEVICE_ID" />
            </key-property>
        </composite-id>
        <property name="cardId" type="integer">
            <column name="CARD_ID" />
        </property>
        <property name="phyId" type="string">
            <column name="PHY_ID" length="20" />
        </property>
        <property name="showCardno" type="string">
            <column name="SHOW_CARDNO" length="20" />
        </property>
        <property name="attDate" type="string">
            <column name="ATT_DATE" length="8" />
        </property>
        <property name="attTime" type="string">
            <column name="ATT_TIME" length="6" />
        </property>
        <property name="txMark" type="integer">
            <column name="TX_MARK" />
        </property>
        <property name="status" type="string">
            <column name="STATUS" length="1" />
        </property>
    </class>
</hibernate-mapping>
