<?xml version="1.0"?>
<!DOCTYPE hibernate-mapping PUBLIC "-//Hibernate/Hibernate Mapping DTD 3.0//EN"
"http://hibernate.sourceforge.net/hibernate-mapping-3.0.dtd">
<!-- 
    Mapping file autogenerated by MyEclipse - Hibernate Tools
-->
<hibernate-mapping package="org.king.check.domain" schema="YKT_CK">
    <class name="Tattserialrecord" table="T_ATTSERIAL_RECORD">
    	<!-- 
        <id name="serialId" type="integer">
            <column name="SERIAL_ID" />
            <generator class="identity" />
        </id>
     	-->
 		<id name="serialId" column="SERIAL_ID" type="integer">
            <generator class="sequence">
				<param name="sequence">YKT_CK.S_T_ATTSERIAL_RECORD</param>
			</generator> 
        </id>
        <property name="cardId" type="integer">
            <column name="CARD_ID" />
        </property>
        <property name="phyId" type="string">
            <column name="PHY_ID" length="20" />
        </property>
        <property name="showCardno" type="string">
            <column name="SHOW_CARDNO" length="20" />
        </property>
        <property name="attDate" type="string">
            <column name="ATT_DATE" length="8" />
        </property>
        <property name="attTime" type="string">
            <column name="ATT_TIME" length="6" />
        </property>
        <property name="operId" type="string">
            <column name="OPER_ID" length="32" />
        </property>
        <property name="operDate" type="string">
            <column name="OPER_DATE" length="8" />
        </property>
        <property name="operTime" type="string">
            <column name="OPER_TIME" length="6" />
        </property>
        <property name="remark" type="string">
            <column name="REMARK" length="30" />
        </property>
        <property name="custId" type="integer">
            <column name="CUST_ID" />
        </property>
    </class>
</hibernate-mapping>
