<?xml version="1.0"?>
<!DOCTYPE hibernate-mapping PUBLIC "-//Hibernate/Hibernate Mapping DTD 3.0//EN"
"http://hibernate.sourceforge.net/hibernate-mapping-3.0.dtd">
<!-- 
    Mapping file autogenerated by MyEclipse - Hibernate Tools
-->
<hibernate-mapping>
    <class name="org.king.check.domain.TCheckWorkconfinfo" table="T_CHECK_WORKCONFINFO" schema="YKT_CK">
        <composite-id name="id" class="org.king.check.domain.TCheckWorkconfinfoId">
            <key-property name="checkTypeid" type="string">
                <column name="CHECK_TYPEID" length="32" />
            </key-property>
            <key-property name="begindate" type="string">
                <column name="BEGINDATE" length="8" />
            </key-property>
        </composite-id>
        <property name="workinfoId" type="string">
            <column name="WORKINFO_ID" length="32" />
        </property>
        <property name="worktimeId" type="string">
            <column name="WORKTIME_ID" length="32" />
        </property>
        <property name="ifwork" type="string">
            <column name="IFWORK" length="1" />
        </property>
    </class>
</hibernate-mapping>
