<?xml version="1.0"?>
<!DOCTYPE hibernate-mapping PUBLIC "-//Hibernate/Hibernate Mapping DTD 3.0//EN"
"http://hibernate.sourceforge.net/hibernate-mapping-3.0.dtd">
<!-- 
    Mapping file autogenerated by MyEclipse - Hibernate Tools
-->
<hibernate-mapping>
    <class name="org.king.check.domain.TCheckattReport" table="T_CHECKATT_REPORT" schema="YKT_CK">
        <composite-id name="id" class="org.king.check.domain.TCheckattReportId">
            <key-property name="custId" type="integer">
                <column name="CUST_ID" precision="22" scale="0" />
            </key-property>
            <key-property name="checkDate" type="string">
                <column name="CHECK_DATE" length="8" />
            </key-property>
        </composite-id>
        <property name="ifoffice" type="string">
            <column name="IFOFFICE" length="1" />
        </property>
        <property name="worktimeValue" type="integer">
            <column name="WORKTIME_VALUE" precision="22" scale="0" />
        </property>
        <property name="factValue" type="integer">
            <column name="FACT_VALUE" precision="22" scale="0" />
        </property>
        <property name="handTimes" type="integer">
            <column name="HAND_TIMES" precision="22" scale="0" />
        </property>
        <property name="overtimeValue" type="integer">
            <column name="OVERTIME_VALUE" precision="22" scale="0" />
        </property>
        <property name="tworestValue" type="integer">
            <column name="TWOREST_VALUE" precision="22" scale="0" />
        </property>
        <property name="holidayValue" type="integer">
            <column name="HOLIDAY_VALUE" precision="22" scale="0" />
        </property>
        <property name="delayValue" type="integer">
            <column name="DELAY_VALUE" precision="22" scale="0" />
        </property>
        <property name="leaveEarly" type="integer">
            <column name="LEAVE_EARLY" precision="22" scale="0" />
        </property>
        <property name="leaveValue" type="integer">
            <column name="LEAVE_VALUE" precision="22" scale="0" />
        </property>
        <property name="leaveType" type="string">
            <column name="LEAVE_TYPE" length="2" />
        </property>
        <property name="leaveTime" type="integer">
            <column name="LEAVE_TIME" precision="22" scale="0" />
        </property>
        <property name="ext1" type="integer">
            <column name="EXT1" precision="22" scale="0" />
        </property>
        <property name="ext2" type="integer">
            <column name="EXT2" precision="22" scale="0" />
        </property>
        <property name="ext3" type="integer">
            <column name="EXT3" precision="22" scale="0" />
        </property>
        <property name="ext4" type="integer">
            <column name="EXT4" precision="22" scale="0" />
        </property>
        <property name="ext5" type="integer">
            <column name="EXT5" precision="22" scale="0" />
        </property>
        <property name="checkNum" type="integer">
            <column name="CHECK_NUM" precision="22" scale="0" />
        </property>
        <property name="delayNum" type="integer">
            <column name="DELAY_NUM" precision="22" scale="0" />
        </property>
        <property name="earlyNum" type="integer">
            <column name="EARLY_NUM" precision="22" scale="0" />
        </property>
        <property name="leaveNum" type="integer">
            <column name="LEAVE_NUM" precision="22" scale="0" />
        </property>
        <property name="extcheckNum" type="integer">
            <column name="EXTCHECK_NUM" precision="22" scale="0" />
        </property>
        <property name="worktimeNum" type="integer">
            <column name="WORKTIME_NUM" precision="22" scale="0" />
        </property>
    </class>
</hibernate-mapping>
