<?xml version="1.0"?>
<!DOCTYPE hibernate-mapping PUBLIC "-//Hibernate/Hibernate Mapping DTD 3.0//EN"
"http://hibernate.sourceforge.net/hibernate-mapping-3.0.dtd">
<!-- 
    Mapping file autogenerated by MyEclipse - Hibernate Tools
-->
<hibernate-mapping>
    <class name="org.king.check.domain.Tclerkdevmapping" table="T_CLERKDEV_MAPPING" schema="YKT_CK">
        <composite-id name="id" class="org.king.check.domain.TclerkdevmappingId">
            <key-property name="custId" type="integer">
                <column name="CUST_ID" />
            </key-property>
            <key-property name="deviceId" type="integer">
                <column name="DEVICE_ID" />
            </key-property>
        </composite-id>
    </class>
</hibernate-mapping>
