<?xml version="1.0"?>
<!DOCTYPE hibernate-mapping PUBLIC "-//Hibernate/Hibernate Mapping DTD 3.0//EN"
"http://hibernate.sourceforge.net/hibernate-mapping-3.0.dtd">
<!-- 
    Mapping file autogenerated by MyEclipse - Hibernate Tools
-->
<hibernate-mapping>
    <class name="org.king.check.domain.Toperlimit" table="T_OPER_LIMIT" schema="YKT_CK">
        <composite-id name="id" class="org.king.check.domain.ToperlimitId">
            <key-property name="operId" type="string">
                <column name="OPER_ID" length="32" />
            </key-property>
            <key-property name="deptId" type="string">
                <column name="DEPT_ID" length="32" />
            </key-property>
        </composite-id>
    </class>
</hibernate-mapping>
