<?xml version="1.0"?>
<!DOCTYPE hibernate-mapping PUBLIC "-//Hibernate/Hibernate Mapping DTD 3.0//EN"
"http://hibernate.sourceforge.net/hibernate-mapping-3.0.dtd">
<!-- 
    Mapping file autogenerated by MyEclipse - Hibernate Tools
-->
<hibernate-mapping>
    <class name="org.king.check.domain.Tworktimeinfo" table="T_WORKTIMEINTO" schema="YKT_CK">
        <id name="worktimeId" type="string">
            <column name="WORKTIME_ID" length="32" />
            <generator class="uuid.hex" />
        </id>
        <property name="worktimeName" type="string">
            <column name="WORKTIME_NAME" length="120" />
        </property>
        <property name="ontime1" type="string">
            <column name="ONTIME1" length="6" />
        </property>
        <property name="offtime1" type="string">
            <column name="OFFTIME1" length="6" />
        </property>
        <property name="ontime2" type="string">
            <column name="ONTIME2" length="6" />
        </property>
        <property name="offtime2" type="string">
            <column name="OFFTIME2" length="6" />
        </property>
        <property name="ontime3" type="string">
            <column name="ONTIME3" length="6" />
        </property>
        <property name="offtime3" type="string">
            <column name="OFFTIME3" length="6" />
        </property>
        <property name="ontime4" type="string">
            <column name="ONTIME4" length="6" />
        </property>
        <property name="offtime4" type="string">
            <column name="OFFTIME4" length="6" />
        </property>
        <property name="deptId" type="string">
            <column name="DEPT_ID" length="32" />
        </property>
    </class>
</hibernate-mapping>
