<?xml version="1.0"?>
<!DOCTYPE hibernate-mapping PUBLIC "-//Hibernate/Hibernate Mapping DTD 3.0//EN"
"http://hibernate.sourceforge.net/hibernate-mapping-3.0.dtd">
<!-- 
    Mapping file autogenerated by MyEclipse - Hibernate Tools
-->
<hibernate-mapping>
    <class name="org.king.check.domain.Tworkconfinfo" table="T_WORKCONFINFO" schema="YKT_CK">
        <id name="workconfId" type="string">
            <column name="WORKCONF_ID" length="32" />
            <generator class="uuid.hex" />
        </id>
        <property name="workconfName" type="string">
            <column name="WORKCONF_NAME" length="60" />
        </property>
        <property name="overdueTime" type="integer">
            <column name="OVERDUE_TIME" />
        </property>
        <property name="leaveearlyTime" type="integer">
            <column name="LEAVEEARLY_TIME" />
        </property>
        <property name="overTime" type="integer">
            <column name="OVER_TIME" />
        </property>
        <property name="delayTime" type="integer">
            <column name="DELAY_TIME" />
        </property>
        <property name="checkTime" type="integer">
            <column name="CHECK_TIME" />
        </property>
        <property name="deptId" type="string">
            <column name="DEPT_ID" length="32" />
        </property>
    </class>
</hibernate-mapping>
