<?xml version="1.0"?>
<!DOCTYPE hibernate-mapping PUBLIC "-//Hibernate/Hibernate Mapping DTD 3.0//EN"
"http://hibernate.sourceforge.net/hibernate-mapping-3.0.dtd">
<!-- 
    Mapping file autogenerated by MyEclipse - Hibernate Tools
-->
<hibernate-mapping>
    <class name="org.king.security.domain.Dictionary" table="COM_DICTIONARY" schema="YKT_CK">
        <composite-id name="id" class="org.king.security.domain.DictionaryId">
            <key-property name="dictNo" type="integer">
                <column name="DICT_NO" />
            </key-property>
            <key-property name="dictValue" type="string">
                <column name="DICT_VALUE" length="30" />
            </key-property>
        </composite-id>
        <property name="dictName" type="string">
            <column name="DICT_NAME" length="40" />
        </property>
        <property name="dictCaption" type="string">
            <column name="DICT_CAPTION" length="40" />
        </property>
        <property name="dictParent" type="string">
            <column name="DICT_PARENT" length="30" />
        </property>
        <property name="dictOrder" type="integer">
            <column name="DICT_ORDER" />
        </property>
    </class>
</hibernate-mapping>
