<?xml version="1.0"?>
<!DOCTYPE hibernate-mapping PUBLIC "-//Hibernate/Hibernate Mapping DTD 3.0//EN"
"http://hibernate.sourceforge.net/hibernate-mapping-3.0.dtd">
<!-- 
    Mapping file autogenerated by MyEclipse - Hibernate Tools
-->
<hibernate-mapping>
    <class name="org.king.security.domain.Menu" table="ICO_MENU" schema="YKT_CK">
        <id name="id" type="string">
            <column name="id" length="32" />
            <generator class="assigned" />
        </id>
        <property name="pid" type="string">
            <column name="pid" length="32" not-null="true" />
        </property>
        <property name="name" type="string">
            <column name="menu_name" length="32" not-null="true" />
        </property>
        <property name="url" type="string">
            <column name="url" />
        </property>
        <property name="title" type="string">
            <column name="title" />
        </property>
        <property name="target" type="string">
            <column name="target" />
        </property>
        <property name="icon" type="string">
            <column name="icon" />
        </property>
        <property name="iconopen" type="string">
            <column name="iconopen" />
        </property>
        <property name="opened" type="string">
            <column name="opened" length="1" />
        </property>
         <property name="sortFlag" type="integer">
            <column name="SORT_FLAG" />
        </property>
        
       <set name="roles" table="YKT_CK.ICO_ROLE_MENU" cascade="save-update">
           <key column="menu_id"/>
           <many-to-many class="org.king.security.domain.Role">
				<column name="role_id"/>
			</many-to-many>
        </set>
        
    </class>
</hibernate-mapping>
