<?xml version="1.0"?>
<!DOCTYPE hibernate-mapping PUBLIC "-//Hibernate/Hibernate Mapping DTD 3.0//EN"
"http://hibernate.sourceforge.net/hibernate-mapping-3.0.dtd">
<!-- 
    Mapping file autogenerated by MyEclipse - Hibernate Tools
-->
<hibernate-mapping>
    <class name="org.king.security.domain.Person" table="USR_PERSON" schema="YKT_CK">
        <id name="id" type="string">
            <column name="ID" length="32" />
            <generator class="uuid.hex" />
        </id>
        <property name="personCode" type="string">
            <column name="PERSON_CODE" length="32" not-null="true" />
        </property>
        <property name="personName" type="string">
            <column name="PERSON_NAME" length="100" not-null="true" />
        </property>
        <property name="personType" type="string">
            <column name="PERSON_TYPE" length="1" />
        </property>
        <property name="sex" type="string">
            <column name="SEX" length="1" />
        </property>
        <property name="email" type="string">
            <column name="EMAIL" length="50" />
        </property>
        <property name="qq" type="string">
            <column name="QQ" length="32" />
        </property>
        <property name="phone" type="string">
            <column name="PHONE" length="32" />
        </property>
          <property name="cardId" type="string">
            <column name="CARD_ID" length="32" />
        </property>
        <property name="card" type="string">
            <column name="CARD" length="32" />
        </property>
        <property name="birthday" type="string">
            <column name="BIRTHDAY" length="8" />
        </property>
        <property name="dept" type="string">
            <column name="DEPT" length="32" />
        </property>
        <property name="post" type="string">
            <column name="POST" length="32" />
        </property>
        <property name="postDate" type="string">
            <column name="POST_DATE" length="8" />
        </property>
        <property name="workPlace" type="string">
            <column name="WORK_PLACE" length="100" />
        </property>
        <property name="office" type="string">
            <column name="OFFICE" length="100" />
        </property>
        <property name="officePhone" type="string">
            <column name="OFFICE_PHONE" length="32" />
        </property>
        <property name="address" type="string">
            <column name="ADDRESS" length="100" />
        </property>
        <property name="postalcode" type="string">
            <column name="POSTALCODE" length="10" />
        </property>
        <property name="msn" type="string">
            <column name="MSN" length="32" />
        </property>
        <property name="polity" type="string">
            <column name="POLITY" length="32" />
        </property>
        <property name="nation" type="string">
            <column name="NATION" length="32" />
        </property>
        <property name="workDate" type="string">
            <column name="WORK_DATE" length="8" />
        </property>
        <property name="techPost" type="string">
            <column name="TECH_POST" length="32" />
        </property>
        <property name="seminary" type="string">
            <column name="SEMINARY" length="32" />
        </property>
        <property name="graducation" type="string">
            <column name="GRADUCATION" length="8" />
        </property>
        <property name="education" type="string">
            <column name="EDUCATION" length="32" />
        </property>
        <property name="degree" type="string">
            <column name="DEGREE" length="32" />
        </property>
        <property name="remark" type="string">
            <column name="REMARK" length="100" />
        </property>
        <property name="question" type="string">
            <column name="QUESTION" length="100" />
        </property>
        <property name="answer" type="string">
            <column name="ANSWER" length="100" />
        </property>
        <property name="createdate" type="string">
            <column name="CREATEDATE" length="8" />
        </property>
        <property name="lastdate" type="string">
            <column name="LASTDATE" length="8" />
        </property>
        <property name="sort" type="string">
            <column name="SORT" length="32" />
        </property>
        <property name="college" type="string">
            <column name="COLLEGE" length="100" />
        </property>
        <property name="department" type="string">
            <column name="DEPARTMENT" length="32" />
        </property>
        <property name="grade" type="string">
            <column name="GRADE" length="32" />
        </property>
        <property name="brief" type="string">
            <column name="BRIEF" length="200" />
        </property>
        <property name="strongSuit" type="string">
            <column name="STRONG_SUIT" length="100" />
        </property>
        <property name="campus" type="string">
            <column name="CAMPUS" length="32" />
        </property>
        <property name="dorm" type="string">
            <column name="DORM" length="32" />
        </property>
        <property name="dormPhone" type="string">
            <column name="DORM_PHONE" length="32" />
        </property>
    </class>
</hibernate-mapping>
