<?xml version="1.0"?>
<!DOCTYPE hibernate-mapping PUBLIC "-//Hibernate/Hibernate Mapping DTD 3.0//EN"
"http://hibernate.sourceforge.net/hibernate-mapping-3.0.dtd">
<!-- 
    Mapping file autogenerated by MyEclipse - Hibernate Tools
-->
<hibernate-mapping>
    <class name="org.king.security.domain.Role" table="ICO_ROLE" schema="YKT_CK">
        <id name="id" type="string">
            <column name="id" length="32" />
            <generator class="uuid.hex" />
        </id>
        <property name="name" type="string">
            <column name="role_name" length="64" not-null="true" />
        </property>
        <property name="type" type="string">
            <column name="role_type" length="1" />
        </property>
        <property name="remark" type="string">
            <column name="remark" />
        </property>
        
        <set name="resources" table="YKT_CK.ICO_PERMISSION" lazy="false" cascade="save-update">
           <key column="role_id"/>
           <many-to-many class="org.king.security.domain.Resource">
				<column name="resource_id"/>
			</many-to-many>
        </set>
        
        <set name="menus" table="YKT_CK.ICO_ROLE_MENU" lazy="false" cascade="save-update">
           <key column="role_id"/>
           <many-to-many class="org.king.security.domain.Menu">
				<column name="menu_id"/>
			</many-to-many>
        </set>
        
        <set name="accounts" table="YKT_CK.ICO_ACCOUNT_ROLE" cascade="save-update">
           <key column="role_id"/>
           <many-to-many class="org.king.security.domain.Account">
				<column name="account_id"/>
			</many-to-many>
        </set>
        
    </class>
</hibernate-mapping>
