<?xml version="1.0" encoding="UTF-8"?>

<!DOCTYPE struts-config PUBLIC
          "-//Apache Software Foundation//DTD Struts Configuration 1.1//EN"
          "http://jakarta.apache.org/struts/dtds/struts-config_1_1.dtd">
<struts-config>
	<form-beans>
		<form-bean name="scheduleForm" type="org.apache.struts.action.DynaActionForm">
			<form-property name="schedulemanage" type="org.king.schedulemanage.domain.Collegeschedulemodel" />
			<form-property name="classSchedulemanage" type="org.king.schedulemanage.domain.Classschedulemodel"/>
			<form-property name="scheduleCollegeId" type="java.lang.String"/>
		</form-bean>
	</form-beans>
	
	<action-mappings>
		<action path="/scheduleAction" name="scheduleForm" scope="request" parameter="method" type="org.king.schedulemanage.web.action.ScheduleAction">
			<forward name="self" path="schedlueself"/>
			<forward name="saveAdd" path="schedluesaveAdd"/>
			<forward name="dCSS" path="schedluedCSS"/>
			<forward name="saveCAdd" path="schedluesaveCAdd"/>
			<forward name="deleteClaSchedule" path="schedluedeleteClaSchedule"/>
			<forward name="initSchedule" path="schedlueinitSchedule"/>	
			<forward name="passRevise" path="schedluepassRevise"/>
			<forward name="addCollegeSchedule" path="schedlueaddCollegeSchedule"/>
			<forward name="scheduleExist" path="schedluescheduleExist"/>
			<forward name="load4classList" path="schedlueload4classList"/>
			<forward name="addClassSchedule" path="scheduleaddClassSchedule"/>
			<forward name="cScheduleRevise" path="schedulecScheduleRevise"/>
			<forward name="load4ViewCollege" path="scheduleload4ViewCollege"/>
			<forward name="load4ViewClass" path="scheduleload4ViewClass"/>
			<forward name="init4Date" path="scheduleinit4Date"/>
			<forward name="addDate" path="scheduleaddDate"/>		
		</action>
		<action path="/timesetup" forward="/WEB-INF/pages/schedule/TimeSetup.jsp" />
	</action-mappings>	
</struts-config>