<?xml version="1.0" encoding="UTF-8"?>

<!DOCTYPE struts-config PUBLIC
          "-//Apache Software Foundation//DTD Struts Configuration 1.1//EN"
          "http://jakarta.apache.org/struts/dtds/struts-config_1_1.dtd">

<struts-config>
	<form-beans>
	  <!-- 部门form-->
       <form-bean name="departmentForm" type="org.apache.struts.validator.DynaValidatorForm">
			<form-property name="department" type="org.king.check.domain.Department" />
			<form-property name="methodToCall" type="java.lang.String" />
		</form-bean>
       <!-- 考勤人员form-->
       <form-bean name="clerkForm" type="org.apache.struts.validator.DynaValidatorForm">
			<form-property name="clerkid" type="java.lang.String" />
		</form-bean>
		  

	</form-beans>
	<action-mappings>

       <!-- 部门管理  -->
		<action path="/departmentManager" type="org.king.check.web.action.DepartmentAction" parameter="method" name="departmentForm" validate="false" unknown="false">
			<forward name="input" path="inputDepartmentDef" redirect="false" />
			<forward name="edit" path="editDepartmentDef" redirect="false" />
			<forward name="remove" path="/departmentManager.do?method=load4list" redirect="false" />
			<forward name="success" path="/departmentManager.do?method=load4list" redirect="false" />
			<forward name="selectTree" path="/WEB-INF/pages/check/departmentTree.jsp" redirect="false" />
			<forward name="list" path="listDepartmentDef" redirect="false" />
		</action>
		
		<action path="/getDepartmentXMLTree" type="org.king.check.web.action.DepartmentAction" name="departmentForm" scope="request" parameter="method" unknown="false" validate="false">
			<forward name="success" path="/WEB-INF/pages/security/XMLMenuTree.jsp" redirect="false" />
		</action>

		<action path="/addDepartment" type="org.king.check.web.action.DepartmentAction" parameter="method" name="departmentForm" input="/departmentManager.do?method=load4add">
			<forward name="success" path="/departmentManager.do?method=load4list" redirect="true" />
		</action>
		<action path="/editDepartment" type="org.king.check.web.action.DepartmentAction" parameter="method" name="departmentForm" input="/departmentManager.do?method=load4edit">
			<forward name="success" path="/departmentManager.do?method=load4list" redirect="true" />
		</action>
		<action path="/removeDepartment" type="org.king.check.web.action.DepartmentAction" parameter="method" name="departmentForm" validate="false" input="/departmentManager.do?method=load4remove">
			<forward name="success" path="/departmentManager.do?method=load4list" redirect="false" />
		</action>
		
		
		<!-- 考勤人员管理  -->
		<!-- hanjiwei保留-->
		<action path="/clerkManager" type="org.king.check.web.action.ClerkAction" parameter="method" name="clerkForm" validate="false" unknown="false">
			<forward name="query" path="/WEB-INF/pages/check/clerkQuery.jsp" redirect="false" />
			<forward name="input" path="/WEB-INF/pages/check/clerkQuery.jsp" redirect="false" />
			<forward name="edit" path="/WEB-INF/pages/check/clerkQuery.jsp" redirect="false" />
			<forward name="remove" path="/WEB-INF/pages/check/clerkQuery.jsp" redirect="false" />
			<forward name="success" path="/WEB-INF/pages/check/clerkQuery.jsp" redirect="false" />
			<forward name="queryPerson" path="/WEB-INF/pages/check/availableClerkQuery.jsp" redirect="false" />
		</action>
		<action path="/addClerk" type="org.king.check.web.action.ClerkAction" parameter="method" name="clerkForm" input="/clerkManager.do?method=load4add">
			<forward name="success" path="/clerkManager.do?method=load4add" redirect="true" />
		</action>
		<action path="/editClerk" type="org.king.check.web.action.ClerkAction" parameter="method" name="clerkForm" input="/clerkManager.do?method=load4edit">
			<forward name="success" path="/clerkManager.do?method=load4edit" redirect="true" />
		</action>
		<action path="/removeClerk" type="org.king.check.web.action.ClerkAction" parameter="method" name="clerkForm" validate="false" input="/clerkManager.do?method=load4remove">
			<forward name="success" path="/WEB-INF/pages/check/clerkQuery.jsp" redirect="false" />
		</action>
		<action path="/setupClerk" type="org.king.check.web.action.ClerkAction" parameter="method" name="clerkForm" validate="false" input="/clerkManager.do?method=load4setupClerk">
			<forward name="success" path="/clerkManager.do?method=load4queryAvailableClerk" redirect="false" />
		</action>
		<action path="/clerk" type="org.king.check.web.action.ClerkAction" parameter="method" validate="false">
		<forward name="showDetail" path="/WEB-INF/pages/check/Clerk_Detail.jsp" redirect="false" />
		</action>
		
   </action-mappings>
</struts-config>
