<?xml version="1.0" encoding="UTF-8"?>

<!DOCTYPE struts-config PUBLIC
          "-//Apache Software Foundation//DTD Struts Configuration 1.2//EN"
          "http://jakarta.apache.org/struts/dtds/struts-config_1_2.dtd">
<struts-config>
	<form-beans>
		<form-bean name="uploadForm" type="org.king.upload.web.form.UpLoadForm" />
		<form-bean name="dormUploadForm" type="org.king.upload.web.form.DormUploadForm"/>
	</form-beans>
	<action-mappings>
		<action path="/uploadAction" parameter="method" type="org.king.upload.web.action.UploadAction" name="uploadForm" scope="request" input="input">
			<forward name="input" path="/WEB-INF/pages/upload/selfile.jsp" />
			<forward name="display" path="/WEB-INF/pages/upload//display.jsp" />
			<forward name="success" path="/WEB-INF/pages/upload//importSuccess.jsp" />
			<forward name="importDormitoryFile" path="importDormitoryFile"/>
		</action>
	</action-mappings>
	
</struts-config>
