<?xml version="1.0" encoding="UTF-8"?>

<!DOCTYPE tiles-definitions PUBLIC
          "-//Apache Software Foundation//DTD Tiles Configuration 1.1//EN"
          "http://jakarta.apache.org/struts/dtds/tiles-config_1_1.dtd">

<tiles-definitions>
	<definition name="baseDef" path="/baselayout.jsp">
		<put name="title" value="baseDef.title" />
		<put name="header" value="/WEB-INF/pages/tiles/header.jsp" />
		<put name="body" value="/WEB-INF/pages/tiles/body.jsp" />
		<put name="footer" value="/WEB-INF/pages/tiles/footer.jsp" />
	</definition>
	
	<definition name="firstpageDef" extends="baseDef">
		<put name="header" value="/WEB-INF/pages/firstpage/header.jsp" />
		<put name="body" value="/WEB-INF/pages/firstpage/body.jsp" />
		<put name="footer" value="/WEB-INF/pages/tiles/footer_blank.jsp" />
	</definition>
	
	<definition name="adminDef" extends="baseDef">
		<put name="header" value="/WEB-INF/pages/tiles/header_blank.jsp" />
		<put name="footer" value="/WEB-INF/pages/tiles/footer_blank.jsp" />
	</definition>
	<definition name="headerDef" extends="baseDef">
		<put name="footer" value="/WEB-INF/pages/tiles/footer_blank.jsp" />
	</definition>
	<definition name="menuDef" extends="adminDef">
		<put name="body" value="/WEB-INF/pages/menu.jsp" />
	</definition>
	<definition name="aboutDef" extends="adminDef">
		<put name="body" value="/WEB-INF/pages/about.jsp" />
	</definition>

	<definition name="bizDef" extends="baseDef">
		<put name="header" value="/WEB-INF/pages/tiles/header_blank.jsp" />
		<put name="footer" value="/WEB-INF/pages/tiles/footer_blank.jsp" />
	</definition>
    
</tiles-definitions>
