<?xml version="1.0" encoding="UTF-8" ?>
<!DOCTYPE acl-config SYSTEM "acl-config.dtd">
  <acl-config id="1">
    <ProtectedResource id="2">
      <code>0</code>
      <name>系统菜单</name>
      <url>getMenu.do</url>
    </ProtectedResource>
    <ProtectedResource id="3">
      <code>00</code>
      <name>用户管理</name>
      <url>accountManager.do</url>
    </ProtectedResource>
    <ProtectedResource id="4">
      <code>0001</code>
      <name>增加用户</name>
      <url>addAccount.do</url>
    </ProtectedResource>
    <ProtectedResource id="5">
      <code>0002</code>
      <name>编辑用户</name>
      <url>editAccount.do</url>
    </ProtectedResource>
    <ProtectedResource id="6">
      <code>0003</code>
      <name>删除用户</name>
      <url>removeAccount.do</url>
    </ProtectedResource>
    <ProtectedResource id="7">
      <code>01</code>
      <name>帐户管理</name>
      <url>accountSecurityManager.do</url>
    </ProtectedResource>
    <ProtectedResource id="8">
      <code>0101</code>
      <name>授权角色</name>
      <url>grantAccountRole.do</url>
    </ProtectedResource>
    <ProtectedResource id="9">
      <code>02</code>
      <name>角色管理</name>
      <url>roleManager.do</url>
    </ProtectedResource>
    <ProtectedResource id="10">
      <code>0201</code>
      <name>增加角色</name>
      <url>addRole.do</url>
    </ProtectedResource>
    <ProtectedResource id="11">
      <code>0202</code>
      <name>编辑角色</name>
      <url>editRole.do</url>
    </ProtectedResource>
    <ProtectedResource id="12">
      <code>0203</code>
      <name>删除角色</name>
      <url>removeRole.do</url>
    </ProtectedResource>
    <ProtectedResource id="13">
      <code>03</code>
      <name>资源管理</name>
      <url>resourceManager.do</url>
    </ProtectedResource>
    <ProtectedResource id="14">
      <code>0301</code>
      <name>增加资源</name>
      <url>addResource.do</url>
    </ProtectedResource>
    <ProtectedResource id="15">
      <code>0302</code>
      <name>编辑资源</name>
      <url>updateResource.do</url>
    </ProtectedResource>
    <ProtectedResource id="16">
      <code>0303</code>
      <name>删除资源</name>
      <url>removeResource.do</url>
    </ProtectedResource>
    <ProtectedResource id="17">
      <code>04</code>
      <name>菜单管理</name>
      <url>menuManager.do</url>
    </ProtectedResource>
    <ProtectedResource id="18">
      <code>0401</code>
      <name>增加菜单</name>
      <url>addMenu.do</url>
    </ProtectedResource>
    <ProtectedResource id="19">
      <code>0402</code>
      <name>编辑菜单</name>
      <url>editMenu.do</url>
    </ProtectedResource>
    <ProtectedResource id="20">
      <code>0403</code>
      <name>删除菜单</name>
      <url>removeMenu.do</url>
    </ProtectedResource>
    <ProtectedResource id="21">
      <code>05</code>
      <name>菜单权限管理</name>
      <url>menuSecurityManager.do</url>
    </ProtectedResource>
    <ProtectedResource id="22">
      <code>0501</code>
      <name>授权菜单</name>
      <url>grantRoleMenu.do</url>
    </ProtectedResource>
    <ProtectedResource id="23">
      <code>1</code>
      <name>访问系统</name>
      <url>main.do</url>
    </ProtectedResource>
  </acl-config>
