<?xml version="1.0" encoding="UTF-8"?>
<!DOCTYPE hibernate-reverse-engineering PUBLIC "-//Hibernate/Hibernate Reverse Engineering DTD 3.0//EN" "http://hibernate.sourceforge.net/hibernate-reverse-engineering-3.0.dtd" >

<hibernate-reverse-engineering>
	<table name="T_ATTSERIAL" schema="YKT_CK" class="org.king.check.domain.Tattserial"></table>
	<table name="T_LEAVEINFO" schema="YKT_CK" class="org.king.check.domain.Tleaveinfo"></table>
	<table name="T_ATTSERIAL_RECORD" schema="YKT_CK" class="org.king.check.domain.Tattserialrecord"></table>
	<table name="T_CHECKATT_INFO" schema="YKT_CK" class="org.king.check.domain.Tcheckattinfo"></table>
	<table name="T_CHECKATT_REPORT" schema="YKT_CK" class="org.king.check.domain.Tcheckattreport"></table>
	<table name="T_CLERKDEV_MAPPING" schema="YKT_CK" class="org.king.check.domain.Tclerkdevmapping"></table>
	<table name="T_CLERKINFO" schema="YKT_CK" class="org.king.check.domain.Tclerkinfo"></table>
	<table name="DEPARTMENT" schema="YKT_CK" class="org.king.check.domain.Department"></table>
	<table name="T_CHECK_WORKCONFINFO" schema="YKT_CK" class="org.king.check.domain.Tcheckworkconfinfo"></table>
	<table name="T_WORKCONFINFO" schema="YKT_CK" class="org.king.check.domain.Tworkconfinfo"></table>
	<table name="T_WORKTIMEINTO" schema="YKT_CK" class="org.king.check.domain.Tworktimeinfo"></table>
	<table name="USR_PERSON" schema="YKT_CK" class="org.king.security.domain.Person"></table>
	<table name="T_OPER_LIMIT" schema="YKT_CK" class="org.king.check.domain.Toperlimit"></table>
	<table name="T_REPORTLEAVE" schema="YKT_CK" class="org.king.check.domain.Treportleave"></table>
	<table name="T_CHECKTYPE" schema="YKT_CK" class="org.king.check.domain.Tchecktype"></table>
</hibernate-reverse-engineering>