<?xml version="1.0" encoding="UTF-8"?>
<!DOCTYPE beans PUBLIC "-//SPRING//DTD BEAN//EN" "http://www.springframework.org/dtd/spring-beans.dtd">

<beans>
<bean id="workInfoService" class="org.springframework.transaction.interceptor.TransactionProxyFactoryBean">
		<property name="transactionManager">
			<ref bean="transactionManager" />
		</property>
		<property name="target">
			<bean class="org.king.check.service.impl.WorkInfoServiceImpl">
				<property name="workInfodao">
					<ref local="workinfoDAO" />
				</property>
				<property name="dutytimedao">
					<ref local="dutyTimeDAO" />
				</property>
				<property name="sysService">
					<ref local="sysService" />
				</property>
				<property name="jdbcTemplate">
					<ref bean="jdbcTemplate" />
				</property>
			</bean>
		</property>
		<property name="transactionAttributes">
			<props>
			     <prop key="dealWith*">PROPAGATION_REQUIRED,-Exception</prop>
				<prop key="*">PROPAGATION_REQUIRED</prop>
			</props>
		</property>
</bean>
<bean id="leaveInfoService" class="org.springframework.transaction.interceptor.TransactionProxyFactoryBean">
		<property name="transactionManager">
			<ref bean="transactionManager" />
		</property>
		<property name="target">
			<bean class="org.king.check.service.impl.LeaveInfoServiceImpl">
				<property name="leaveInfoDao">
					<ref local="leaveinfoDAO" />
				</property>
				<property name="sysService">
					<ref local="sysService" />
				</property>
				
				<property name="jdbcTemplate">
					<ref bean="jdbcTemplate" />
				</property>
			</bean>
		</property>
		<property name="transactionAttributes">
			<props>
				<prop key="*">PROPAGATION_REQUIRED</prop>
			</props>
		</property>
</bean>
<bean id="sysService" class="org.springframework.transaction.interceptor.TransactionProxyFactoryBean">
        <property name="transactionManager">
			<ref bean="transactionManager" />
		</property>
		<property name="target">
			<bean class="org.king.check.service.impl.SysServiceImpl">
				<property name="jdbcTemplate">
					<ref bean="jdbcTemplate" />
				</property>
			</bean>
		</property>
		<property name="transactionAttributes">
			<props>
				<prop key="*">PROPAGATION_REQUIRED</prop>
			</props>
		</property>
</bean>
<bean id="workConfService" class="org.springframework.transaction.interceptor.TransactionProxyFactoryBean">
        <property name="transactionManager">
			<ref bean="transactionManager" />
		</property>
		<property name="target">
			<bean class="org.king.check.service.impl.WorkConfServiceImpl">
				<property name="workconfDAO">
					<ref local="workconfDAO" />
				</property>
			</bean>
		</property>
		<property name="transactionAttributes">
			<props>
				<prop key="*">PROPAGATION_REQUIRED</prop>
			</props>
		</property>
</bean>

<bean id="checkTypeService" class="org.springframework.transaction.interceptor.TransactionProxyFactoryBean">
        <property name="transactionManager">
			<ref bean="transactionManager" />
		</property>
		<property name="target">
			<bean class="org.king.check.service.impl.CheckTypeServiceImpl">
				<property name="checkTypeDAO">
					<ref local="checkTypeDAO" />
				</property>
			</bean>
		</property>
		<property name="transactionAttributes">
			<props>
				<prop key="*">PROPAGATION_REQUIRED</prop>
			</props>
		</property>
</bean>
<bean id="workTimeConfService" class="org.springframework.transaction.interceptor.TransactionProxyFactoryBean">
        <property name="transactionManager">
			<ref bean="transactionManager" />
		</property>
		<property name="target">
			<bean class="org.king.check.service.impl.WorkTimeConfImpl">
				<property name="worktimeconfDAO">
					<ref local="worktimeconfDAO" />
				</property>
			</bean>
		</property>
		<property name="transactionAttributes">
			<props>
				<prop key="*">PROPAGATION_REQUIRED</prop>
			</props>
		</property>
</bean>
<bean id="dutyTimeService" class="org.springframework.transaction.interceptor.TransactionProxyFactoryBean">
		<property name="transactionManager">
			<ref bean="transactionManager" />
		</property>
		<property name="target">
			<bean class="org.king.check.service.impl.DutyTimeServiceImpl">
				<!-- 
				<property name="dutyTimeDao">
					<ref local="dutyTimeDAO" />
				</property>
				<property name="departmentDao">
					<ref local="departmentDAO" />
				</property>
				-->
				<property name="jdbcTemplate">
					<ref bean="jdbcTemplate" />
				</property>
				<property name="clerkDAO">
					<ref local="clerkDAO" />
				</property>
				<property name="sysService">
					<ref local="sysService" />
				</property>
			</bean>
		</property>
		<property name="transactionAttributes">
			<props>
				<prop key="*">PROPAGATION_REQUIRED</prop>
			</props>
		</property>
	</bean>
	
<bean id="clerkService" class="org.springframework.transaction.interceptor.TransactionProxyFactoryBean">
		<property name="transactionManager">
			<ref bean="transactionManager" />
		</property>
		<property name="target">
			<bean class="org.king.check.service.impl.ClerkServiceImpl">
				<!-- 
				<property name="dutyTimeDao">
					<ref local="dutyTimeDAO" />
				</property>
				<property name="departmentDao">
					<ref local="departmentDAO" />
				</property>
				-->
				<property name="sysService">
					<ref local="sysService" />
				</property>
				<property name="jdbcTemplate">
					<ref bean="jdbcTemplate" />
				</property>
				<property name="clerkDAO">
					<ref local="clerkDAO" />
				</property>
			</bean>
		</property>
		<property name="transactionAttributes">
			<props>
				<prop key="*">PROPAGATION_REQUIRED</prop>
			</props>
		</property>
	</bean>
	
<bean id="departConfService" class="org.springframework.transaction.interceptor.TransactionProxyFactoryBean">
        <property name="transactionManager">
			<ref bean="transactionManager" />
		</property>
		<property name="target">
			<bean class="org.king.check.service.impl.DepartConfServiceImpl">
				<property name="departConfDAO">
					<ref local="DepartConfDAO" />
				</property>
				<property name="jdbcTemplate">
					<ref bean="jdbcTemplate" />
				</property>
			</bean>
		</property>
		<property name="transactionAttributes">
			<props>
				<prop key="*">PROPAGATION_REQUIRED</prop>
			</props>
		</property>
</bean>
	<!-- ************************** SERVICE SETTING *****************************-->
	<!-- ***** security SERVICE *****-->

	<!-- ************************** DAO SETTING *********************************-->
	<!-- DAO object: Hibernate implementation -->

		<bean id="departmentDAO" class="org.king.check.dao.hibernate.DepartmentDAOHibernate">
			<property name="baseDAO">
			<ref bean="baseDAO" />
		</property>
		</bean>
		<bean id="leaveinfoDAOHibernateDAO" class="org.king.check.dao.hibernate.LeaveinfoDAOHibernate">
			<property name="baseDAO">
			<ref bean="baseDAO" />
		</property>
		</bean>
		<bean id="workconfDAOHibernateDAO" class="org.king.check.dao.hibernate.WorkconfDAOHibernate">
			<property name="baseDAO">
			<ref bean="baseDAO" />
		</property>
		</bean>
		<bean id="clerkDAO" class="org.king.check.dao.hibernate.ClerkDAOHibernate">
			<property name="baseDAO">
			<ref bean="baseDAO" />
		</property>
		</bean>
		<bean id="leaveinfoDAO" class="org.king.check.dao.hibernate.LeaveinfoDAOHibernate">
			<property name="baseDAO">
			<ref bean="baseDAO" />
		</property>
		</bean>
		<bean id="workconfDAO" class="org.king.check.dao.hibernate.WorkconfDAOHibernate">
			<property name="baseDAO">
			<ref bean="baseDAO" />
		</property>
		</bean>
		<bean id="workinfoDAO" class="org.king.check.dao.hibernate.WorkinfoDAOHibernate">
			<property name="baseDAO">
			<ref bean="baseDAO" />
		</property>
		</bean>
		<bean id="worktimeconfDAO" class="org.king.check.dao.hibernate.WorktimeconfDAOHibernate">
			<property name="baseDAO">
			<ref bean="baseDAO" />
		</property>
		</bean>
		<bean id="dutyTimeDAO" class="org.king.check.dao.hibernate.DutyTimeDAOHibernate">
			<property name="baseDAO">
				<ref bean="baseDAO" />
			</property>
		</bean>
		<bean id="DepartConfDAO" class="org.king.check.dao.hibernate.DepartConfDAOHibernate">
			<property name="baseDAO">
				<ref bean="baseDAO" />
			</property>
		</bean>
		<bean id="checkTypeDAO" class="org.king.check.dao.hibernate.CheckTypeDAOHibernate">
			<property name="baseDAO">
				<ref bean="baseDAO" />
			</property>
		</bean>
		
		
</beans>
