<?xml version="1.0" encoding="UTF-8"?>
<!DOCTYPE beans PUBLIC "-//SPRING//DTD BEAN//EN" "http://www.springframework.org/dtd/spring-beans.dtd">

<beans>
	<!-- ************************** DAO SETTING *********************************-->
	<!-- DAO object: Hibernate implementation -->
	<bean id="accountDAO" class="org.king.security.dao.hibernate.AccountDAOHibernate">
		<property name="baseDAO">
			<ref bean="baseDAO" />
		</property>
	</bean>

	<bean id="roleDAO" class="org.king.security.dao.hibernate.RoleDAOHibernate">
		<property name="baseDAO">
			<ref bean="baseDAO" />
		</property>
	</bean>

	<bean id="menuDAO" class="org.king.security.dao.hibernate.MenuDAOHibernate">
		<property name="baseDAO">
			<ref bean="baseDAO" />
		</property>
	</bean>

	<bean id="resourceDAO" class="org.king.security.dao.hibernate.ResourceDAOHibernate">
		<property name="baseDAO">
			<ref bean="baseDAO" />
		</property>
	</bean>

	<bean id="dictionaryDAO" class="org.king.security.dao.hibernate.DictionaryDAOHibernate">
		<property name="baseDAO">
			<ref bean="baseDAO" />
		</property>
	</bean>

	<bean id="clerkDAO" class="org.king.check.dao.hibernate.ClerkDAOHibernate">
		<property name="baseDAO">
			<ref bean="baseDAO" />
		</property>
	</bean>
	
	<!-- ************************** security Acl SETTING *************************-->
	<bean id="acl" class="org.king.security.service.impl.AclImpl">
		<property name="kingConfig">
			<ref bean="kingConfig" />
		</property>
	</bean>

	<!-- ************************** SERVICE SETTING *****************************-->
	<!-- ***** security SERVICE *****-->
	<bean id="securityService" class="org.springframework.transaction.interceptor.TransactionProxyFactoryBean">
		<property name="transactionManager">
			<ref bean="transactionManager" />
		</property>
		<property name="target">
			<bean class="org.king.security.service.impl.SecurityServiceImpl">
				<property name="accountDAO">
					<ref local="accountDAO" />
				</property>
				<property name="roleDAO">
					<ref local="roleDAO" />
				</property>
				<property name="menuDAO">
					<ref local="menuDAO" />
				</property>
				<property name="resourceDAO">
					<ref local="resourceDAO" />
				</property>
				<property name="acl">
					<ref local="acl" />
				</property>
				<property name="lsfb">
					<ref bean="&amp;sessionFactory" />
				</property>
			</bean>
		</property>
		<property name="transactionAttributes">
			<props>
				<prop key="initSecurity">PROPAGATION_REQUIRED,-BusinessException</prop>
				<prop key="login">PROPAGATION_REQUIRED,-BusinessException</prop>
				<prop key="remove*">PROPAGATION_REQUIRED,-BusinessException</prop>
				<prop key="find*">PROPAGATION_REQUIRED,readOnly,-BusinessException</prop>
				<prop key="createResource">PROPAGATION_REQUIRED,-BusinessException,-RightAlreadyExistException</prop>
				<prop key="updateResource">PROPAGATION_REQUIRED,-BusinessException</prop>
				<prop key="saveRole">PROPAGATION_REQUIRED,-BusinessException,-GroupAlreadyExistException</prop>
				<prop key="changeAccountRole">PROPAGATION_REQUIRED,-BusinessException</prop>
				<prop key="updateRole">PROPAGATION_REQUIRED,-BusinessException</prop>
				<prop key="save*">PROPAGATION_REQUIRED</prop>
				<prop key="delete*">PROPAGATION_REQUIRED</prop>
				<prop key="grant*">PROPAGATION_REQUIRED</prop>
				<prop key="*">PROPAGATION_REQUIRED,readOnly</prop>
			</props>
		</property>
	</bean>

	<bean id="accountService" class="org.springframework.transaction.interceptor.TransactionProxyFactoryBean">
		<property name="transactionManager">
			<ref bean="transactionManager" />
		</property>
		<property name="target">
			<bean class="org.king.security.service.impl.AccountServiceImpl">
				<property name="accountDAO">
					<ref local="accountDAO" />
				</property>
			</bean>
		</property>
		<property name="transactionAttributes">
			<props>
				<prop key="save*">PROPAGATION_REQUIRED</prop>
				<prop key="update*">PROPAGATION_REQUIRED</prop>
				<prop key="delete*">PROPAGATION_REQUIRED</prop>
				<prop key="*">PROPAGATION_REQUIRED,readOnly</prop>
			</props>
		</property>
	</bean>

	<bean id="menuService" class="org.springframework.transaction.interceptor.TransactionProxyFactoryBean">
		<property name="transactionManager">
			<ref bean="transactionManager" />
		</property>
		<property name="target">
			<bean class="org.king.security.service.impl.MenuServiceImpl">
				<property name="menuDAO">
					<ref local="menuDAO" />
				</property>
			</bean>
		</property>
		<property name="transactionAttributes">
			<props>
				<prop key="save*">PROPAGATION_REQUIRED</prop>
				<prop key="update*">PROPAGATION_REQUIRED</prop>
				<prop key="delete*">PROPAGATION_REQUIRED</prop>
				<prop key="remove*">PROPAGATION_REQUIRED</prop>
				<prop key="*">PROPAGATION_REQUIRED,readOnly</prop>
			</props>
		</property>
	</bean>

	<bean id="dictionaryService" parent="txProxyTemplate">
		<property name="target">
			<bean class="org.king.security.service.impl.DictionaryServiceImpl">
				<property name="dictionaryDAO">
					<ref bean="dictionaryDAO" />
				</property>
			</bean>
		</property>
	</bean>

	<!-- ***** check SERVICE *****-->
	<bean id="departmentDAO" class="org.king.check.dao.hibernate.DepartmentDAOHibernate">
		<property name="baseDAO">
			<ref bean="baseDAO" />
		</property>
	</bean>

	<bean id="departmentService" class="org.springframework.transaction.interceptor.TransactionProxyFactoryBean">
		<property name="transactionManager">
			<ref bean="transactionManager" />
		</property>
		<property name="target">
			<bean class="org.king.check.service.impl.DepartmentServiceImpl">
				<property name="departmentDAO">
					<ref bean="departmentDAO" />
				</property>
			</bean>
		</property>
		<property name="transactionAttributes">
			<props>
				<prop key="save*">PROPAGATION_REQUIRED</prop>
				<prop key="update*">PROPAGATION_REQUIRED</prop>
				<prop key="delete*">PROPAGATION_REQUIRED</prop>
				<prop key="create*">PROPAGATION_REQUIRED</prop>
				<prop key="*">PROPAGATION_REQUIRED,readOnly</prop>
			</props>
		</property>
	</bean>

    <bean id="clerkService" class="org.springframework.transaction.interceptor.TransactionProxyFactoryBean">
		<property name="transactionManager">
			<ref bean="transactionManager" />
		</property>
		<property name="target">
			<bean class="org.king.check.service.impl.ClerkServiceImpl">
				<property name="jdbcTemplate">
					<ref bean="jdbcTemplate" />
				</property>
				<property name="clerkDAO">
					<ref bean="clerkDAO" />
				</property>
			</bean>
		</property>
		<property name="transactionAttributes">
			<props>
				<prop key="save*">PROPAGATION_REQUIRED</prop>
				<prop key="update*">PROPAGATION_REQUIRED</prop>
				<prop key="delete*">PROPAGATION_REQUIRED</prop>
				<prop key="setup*">PROPAGATION_REQUIRED</prop>
				<prop key="*">PROPAGATION_REQUIRED,readOnly</prop>
			</props>
		</property>
	</bean>



</beans>
