<?xml version="1.0" encoding="UTF-8"?>
<!DOCTYPE dwr PUBLIC "-//GetAhead Limited//DTD Direct Web Remoting 2.0//EN" "http://www.getahead.ltd.uk/dwr/dwr20.dtd">

<dwr>
	<allow>
		<create creator="new" javascript="Test" scope="application">
			<param name="class" value="uk.ltd.getahead.dwrdemo.test.Test" />
		</create>

		<create creator="new" javascript="Generator" scope="application">
			<param name="class" value="uk.ltd.getahead.dwrdemo.asmg.Generator" />
		</create>
	</allow>

</dwr>
